t.f,x.px,y.px,comp,coul.renforcee,cote.renforce,id.bourdon,essai
0,658,318,capture,yellow,left,9,4
1,670,303,capture,yellow,left,9,4
2,704,293,capture,yellow,left,9,4
3,702,293,capture,yellow,left,9,4
4,716,303,capture,yellow,left,9,4
5,691,293,capture,yellow,left,9,4
6,690,290,capture,yellow,left,9,4
7,700,286,capture,yellow,left,9,4
8,693,283,capture,yellow,left,9,4
9,685,276,capture,yellow,left,9,4
10,674,275,capture,yellow,left,9,4
11,656,277,capture,yellow,left,9,4
12,649,283,capture,yellow,left,9,4
13,647,279,capture,yellow,left,9,4
14,655,290,capture,yellow,left,9,4
15,653,278,capture,yellow,left,9,4
16,652,277,capture,yellow,left,9,4
17,639,277,capture,yellow,left,9,4
18,639,277,capture,yellow,left,9,4
19,639,277,capture,yellow,left,9,4
20,650,268,capture,yellow,left,9,4
21,677,263,capture,yellow,left,9,4
22,677,263,capture,yellow,left,9,4
23,677,263,capture,yellow,left,9,4
24,677,263,capture,yellow,left,9,4
25,657,269,capture,yellow,left,9,4
26,660,269,capture,yellow,left,9,4
27,678,288,capture,yellow,left,9,4
28,662,272,capture,yellow,left,9,4
29,644,260,capture,yellow,left,9,4
30,649,255,capture,yellow,left,9,4
31,655,255,capture,yellow,left,9,4
32,659,257,capture,yellow,left,9,4
33,665,257,capture,yellow,left,9,4
34,665,257,capture,yellow,left,9,4
35,658,258,capture,yellow,left,9,4
36,652,258,capture,yellow,left,9,4
37,650,259,capture,yellow,left,9,4
38,648,259,capture,yellow,left,9,4
39,661,279,capture,yellow,left,9,4
40,661,279,capture,yellow,left,9,4
41,659,278,capture,yellow,left,9,4
42,659,278,capture,yellow,left,9,4
43,656,280,capture,yellow,left,9,4
44,653,284,capture,yellow,left,9,4
45,651,287,capture,yellow,left,9,4
46,651,287,capture,yellow,left,9,4
47,650,290,capture,yellow,left,9,4
48,650,290,capture,yellow,left,9,4
49,650,290,capture,yellow,left,9,4
50,634,278,capture,yellow,left,9,4
51,666,294,capture,yellow,left,9,4
52,666,294,capture,yellow,left,9,4
53,666,294,capture,yellow,left,9,4
54,666,294,capture,yellow,left,9,4
55,666,294,capture,yellow,left,9,4
56,695,298,capture,yellow,left,9,4
57,702,293,capture,yellow,left,9,4
58,691,279,capture,yellow,left,9,4
59,691,279,capture,yellow,left,9,4
60,709,268,capture,yellow,left,9,4
61,717,268,capture,yellow,left,9,4
62,717,268,capture,yellow,left,9,4
63,717,268,capture,yellow,left,9,4
64,738,276,capture,yellow,left,9,4
65,742,283,capture,yellow,left,9,4
66,752,283,capture,yellow,left,9,4
67,752,283,capture,yellow,left,9,4
68,768,294,capture,yellow,left,9,4
69,768,296,capture,yellow,left,9,4
70,758,295,capture,yellow,left,9,4
71,758,295,capture,yellow,left,9,4
72,781,287,capture,yellow,left,9,4
73,774,291,capture,yellow,left,9,4
74,770,302,capture,yellow,left,9,4
75,754,311,capture,yellow,left,9,4
76,763,313,capture,yellow,left,9,4
77,777,312,capture,yellow,left,9,4
78,770,319,capture,yellow,left,9,4
79,773,322,capture,yellow,left,9,4
80,789,329,capture,yellow,left,9,4
81,789,329,capture,yellow,left,9,4
82,812,323,capture,yellow,left,9,4
83,822,328,capture,yellow,left,9,4
84,822,335,capture,yellow,left,9,4
85,826,347,capture,yellow,left,9,4
86,818,344,capture,yellow,left,9,4
87,848,373,gate_test,yellow,left,9,4
88,860,378,gate_test,yellow,left,9,4
89,873,387,gate_test,yellow,left,9,4
90,889,389,gate_test,yellow,left,9,4
91,889,389,gate_test,yellow,left,9,4
92,901,404,gate_test,yellow,left,9,4
93,894,409,gate_test,yellow,left,9,4
94,927,407,gate_test,yellow,left,9,4
95,935,411,gate_test,yellow,left,9,4
96,947,408,gate_test,yellow,left,9,4
97,940,401,gate_test,yellow,left,9,4
98,958,405,gate_test,yellow,left,9,4
99,991,418,test,yellow,left,9,4
100,1013,417,test,yellow,left,9,4
101,1024,415,test,yellow,left,9,4
102,1037,410,test,yellow,left,9,4
103,1050,414,test,yellow,left,9,4
104,1081,407,test,yellow,left,9,4
105,1084,401,test,yellow,left,9,4
106,1088,399,test,yellow,left,9,4
107,1130,402,test,yellow,left,9,4
108,1142,404,test,yellow,left,9,4
109,1161,396,test,yellow,left,9,4
110,1165,380,test,yellow,left,9,4
111,1189,375,test,yellow,left,9,4
112,1196,366,test,yellow,left,9,4
113,1225,334,branch_right,yellow,left,9,4
114,1233,333,branch_right,yellow,left,9,4
115,1242,327,branch_right,yellow,left,9,4
116,1259,316,branch_right,yellow,left,9,4
117,1282,303,branch_right,yellow,left,9,4
118,1288,297,branch_right,yellow,left,9,4
119,1301,280,branch_right,yellow,left,9,4
120,1297,261,branch_right,yellow,left,9,4
121,1294,242,branch_right,yellow,left,9,4
122,1293,232,branch_right,yellow,left,9,4
123,1290,212,branch_right,yellow,left,9,4
124,1299,190,branch_right,yellow,left,9,4
125,1304,185,branch_right,yellow,left,9,4
126,1319,178,branch_right,yellow,left,9,4
127,1326,183,branch_right,yellow,left,9,4
128,1333,189,branch_right,yellow,left,9,4
129,1343,201,branch_right,yellow,left,9,4
130,1351,193,branch_right,yellow,left,9,4
131,1355,180,branch_right,yellow,left,9,4
132,1369,167,fountain_right,yellow,left,9,4
133,1383,155,fountain_right,yellow,left,9,4
134,1385,137,fountain_right,yellow,left,9,4
135,1387,121,fountain_right,yellow,left,9,4
136,1387,113,fountain_right,yellow,left,9,4
137,1393,92,fountain_right,yellow,left,9,4
138,1395,91,fountain_right,yellow,left,9,4
139,1398,84,fountain_right,yellow,left,9,4
140,1397,83,fountain_right,yellow,left,9,4
141,1394,77,fountain_right,yellow,left,9,4
142,1392,70,fountain_right,yellow,left,9,4
143,1392,69,fountain_right,yellow,left,9,4
144,1393,69,fountain_right,yellow,left,9,4
145,1392,71,fountain_right,yellow,left,9,4
146,1396,74,fountain_right,yellow,left,9,4
147,1398,75,fountain_right,yellow,left,9,4
148,1402,78,fountain_right,yellow,left,9,4
149,1405,77,fountain_right,yellow,left,9,4
150,1401,78,fountain_right,yellow,left,9,4
151,1398,78,fountain_right,yellow,left,9,4
152,1396,77,fountain_right,yellow,left,9,4
153,1395,72,fountain_right,yellow,left,9,4
154,1388,68,fountain_right,yellow,left,9,4
155,1386,61,fountain_right,yellow,left,9,4
156,1377,54,fountain_right,yellow,left,9,4
157,1365,46,branch_right,yellow,left,9,4
158,1356,43,branch_right,yellow,left,9,4
159,1355,39,branch_right,yellow,left,9,4
160,1359,48,branch_right,yellow,left,9,4
161,1359,50,fountain_right,yellow,left,9,4
162,1357,64,fountain_right,yellow,left,9,4
163,1360,61,fountain_right,yellow,left,9,4
164,1361,59,fountain_right,yellow,left,9,4
165,1363,57,fountain_right,yellow,left,9,4
166,1366,56,fountain_right,yellow,left,9,4
167,1369,56,fountain_right,yellow,left,9,4
168,1365,58,fountain_right,yellow,left,9,4
169,1362,56,fountain_right,yellow,left,9,4
170,1364,66,fountain_right,yellow,left,9,4
171,1371,70,fountain_right,yellow,left,9,4
172,1375,67,fountain_right,yellow,left,9,4
173,1394,68,fountain_right,yellow,left,9,4
174,1398,72,fountain_right,yellow,left,9,4
175,1405,80,fountain_right,yellow,left,9,4
176,1406,81,fountain_right,yellow,left,9,4
177,1403,84,fountain_right,yellow,left,9,4
178,1396,80,fountain_right,yellow,left,9,4
179,1391,79,fountain_right,yellow,left,9,4
180,1393,76,fountain_right,yellow,left,9,4
181,1395,70,fountain_right,yellow,left,9,4
182,1392,70,fountain_right,yellow,left,9,4
183,1390,69,fountain_right,yellow,left,9,4
184,1390,69,fountain_right,yellow,left,9,4
185,1390,67,fountain_right,yellow,left,9,4
186,1386,67,fountain_right,yellow,left,9,4
187,1385,67,fountain_right,yellow,left,9,4
188,1382,63,fountain_right,yellow,left,9,4
189,1385,62,fountain_right,yellow,left,9,4
190,1385,67,fountain_right,yellow,left,9,4
191,1390,72,fountain_right,yellow,left,9,4
192,1398,77,fountain_right,yellow,left,9,4
193,1405,76,fountain_right,yellow,left,9,4
194,1413,79,fountain_right,yellow,left,9,4
195,1418,85,fountain_right,yellow,left,9,4
196,1418,82,fountain_right,yellow,left,9,4
197,1418,84,fountain_right,yellow,left,9,4
198,1422,83,fountain_right,yellow,left,9,4
199,1422,83,fountain_right,yellow,left,9,4
200,1415,89,fountain_right,yellow,left,9,4
201,1397,83,fountain_right,yellow,left,9,4
202,1394,66,fountain_right,yellow,left,9,4
203,1377,64,fountain_right,yellow,left,9,4
204,1376,60,fountain_right,yellow,left,9,4
205,1369,45,branch_right,yellow,left,9,4
206,1364,39,branch_right,yellow,left,9,4
207,1367,58,fountain_right,yellow,left,9,4
208,1366,64,fountain_right,yellow,left,9,4
209,1356,66,fountain_right,yellow,left,9,4
210,1357,60,fountain_right,yellow,left,9,4
211,1355,55,fountain_right,yellow,left,9,4
212,1358,52,fountain_right,yellow,left,9,4
213,1358,50,fountain_right,yellow,left,9,4
214,1353,49,fountain_right,yellow,left,9,4
215,1349,48,fountain_right,yellow,left,9,4
216,1348,50,fountain_right,yellow,left,9,4
217,1351,48,fountain_right,yellow,left,9,4
218,1355,53,fountain_right,yellow,left,9,4
219,1358,52,fountain_right,yellow,left,9,4
220,1351,47,branch_right,yellow,left,9,4
221,1352,47,branch_right,yellow,left,9,4
222,1358,62,fountain_right,yellow,left,9,4
223,1361,64,fountain_right,yellow,left,9,4
224,1374,60,fountain_right,yellow,left,9,4
225,1381,60,fountain_right,yellow,left,9,4
226,1387,63,fountain_right,yellow,left,9,4
227,1391,61,fountain_right,yellow,left,9,4
228,1389,61,fountain_right,yellow,left,9,4
229,1392,62,fountain_right,yellow,left,9,4
230,1394,62,fountain_right,yellow,left,9,4
231,1394,70,fountain_right,yellow,left,9,4
232,1395,68,fountain_right,yellow,left,9,4
233,1393,67,fountain_right,yellow,left,9,4
234,1395,64,fountain_right,yellow,left,9,4
235,1393,66,fountain_right,yellow,left,9,4
236,1398,70,fountain_right,yellow,left,9,4
237,1394,72,fountain_right,yellow,left,9,4
238,1391,70,fountain_right,yellow,left,9,4
239,1382,70,fountain_right,yellow,left,9,4
240,1371,61,fountain_right,yellow,left,9,4
241,1361,60,fountain_right,yellow,left,9,4
242,1356,53,fountain_right,yellow,left,9,4
243,1350,45,branch_right,yellow,left,9,4
244,1356,46,branch_right,yellow,left,9,4
245,1353,50,fountain_right,yellow,left,9,4
246,1356,63,fountain_right,yellow,left,9,4
247,1357,61,fountain_right,yellow,left,9,4
248,1356,57,fountain_right,yellow,left,9,4
249,1356,62,fountain_right,yellow,left,9,4
250,1362,58,fountain_right,yellow,left,9,4
251,1365,59,fountain_right,yellow,left,9,4
252,1375,59,fountain_right,yellow,left,9,4
253,1387,67,fountain_right,yellow,left,9,4
254,1392,68,fountain_right,yellow,left,9,4
255,1397,73,fountain_right,yellow,left,9,4
256,1406,79,fountain_right,yellow,left,9,4
257,1411,80,fountain_right,yellow,left,9,4
258,1410,79,fountain_right,yellow,left,9,4
259,1405,84,fountain_right,yellow,left,9,4
260,1407,90,fountain_right,yellow,left,9,4
261,1410,98,fountain_right,yellow,left,9,4
262,1407,100,fountain_right,yellow,left,9,4
263,1422,101,fountain_right,yellow,left,9,4
264,1428,99,fountain_right,yellow,left,9,4
265,1440,107,fountain_right,yellow,left,9,4
266,1428,107,fountain_right,yellow,left,9,4
267,1412,106,fountain_right,yellow,left,9,4
268,1396,105,fountain_right,yellow,left,9,4
269,1398,94,fountain_right,yellow,left,9,4
270,1396,85,fountain_right,yellow,left,9,4
271,1393,82,fountain_right,yellow,left,9,4
272,1391,76,fountain_right,yellow,left,9,4
273,1379,65,fountain_right,yellow,left,9,4
274,1373,58,fountain_right,yellow,left,9,4
275,1356,43,branch_right,yellow,left,9,4
276,1349,40,branch_right,yellow,left,9,4
277,1324,79,fountain_right,yellow,left,9,4
278,1318,96,fountain_right,yellow,left,9,4
279,1312,109,fountain_right,yellow,left,9,4
280,1293,134,fountain_right,yellow,left,9,4
281,1282,154,branch_right,yellow,left,9,4
282,1280,171,branch_right,yellow,left,9,4
283,1272,207,branch_right,yellow,left,9,4
284,1268,228,branch_right,yellow,left,9,4
285,1268,244,branch_right,yellow,left,9,4
286,1254,287,branch_right,yellow,left,9,4
287,1253,299,branch_right,yellow,left,9,4
288,1246,321,branch_right,yellow,left,9,4
289,1221,360,test,yellow,left,9,4
290,1207,378,test,yellow,left,9,4
291,1174,383,test,yellow,left,9,4
292,1134,395,test,yellow,left,9,4
293,1096,401,test,yellow,left,9,4
294,1070,402,test,yellow,left,9,4
295,1038,402,test,yellow,left,9,4
296,1007,410,test,yellow,left,9,4
297,1007,410,test,yellow,left,9,4
298,1007,410,test,yellow,left,9,4
299,1007,410,test,yellow,left,9,4
300,911,400,gate_test,yellow,left,9,4
301,892,397,gate_test,yellow,left,9,4
302,874,388,gate_test,yellow,left,9,4
303,846,389,gate,yellow,left,9,4
304,844,385,gate,yellow,left,9,4
305,868,399,gate_test,yellow,left,9,4
306,914,412,gate_test,yellow,left,9,4
307,902,427,gate_test,yellow,left,9,4
308,929,446,gate_test,yellow,left,9,4
309,947,420,gate_test,yellow,left,9,4
310,955,418,gate_test,yellow,left,9,4
311,965,419,gate_test,yellow,left,9,4
312,987,415,test,yellow,left,9,4
313,999,417,test,yellow,left,9,4
314,1011,424,test,yellow,left,9,4
315,1012,429,test,yellow,left,9,4
316,1041,417,test,yellow,left,9,4
317,1055,418,test,yellow,left,9,4
318,1055,396,test,yellow,left,9,4
319,1083,409,test,yellow,left,9,4
320,1105,406,test,yellow,left,9,4
321,1098,402,test,yellow,left,9,4
322,1130,402,test,yellow,left,9,4
323,1134,402,test,yellow,left,9,4
324,1138,407,test,yellow,left,9,4
325,1164,409,test,yellow,left,9,4
326,1177,411,test,yellow,left,9,4
327,1203,423,test,yellow,left,9,4
328,1210,431,test,yellow,left,9,4
329,1224,440,test,yellow,left,9,4
330,1233,443,test,yellow,left,9,4
331,1241,447,test,yellow,left,9,4
332,1244,457,test,yellow,left,9,4
333,1253,453,test,yellow,left,9,4
334,1258,465,branch_left,yellow,left,9,4
335,1266,479,branch_left,yellow,left,9,4
336,1276,496,branch_left,yellow,left,9,4
337,1276,507,branch_left,yellow,left,9,4
338,1283,534,branch_left,yellow,left,9,4
339,1299,566,branch_left,yellow,left,9,4
340,1301,578,branch_left,yellow,left,9,4
341,1314,610,branch_left,yellow,left,9,4
342,1332,628,branch_left,yellow,left,9,4
343,1339,655,branch_left,yellow,left,9,4
344,1343,660,branch_left,yellow,left,9,4
345,1340,652,branch_left,yellow,left,9,4
346,1347,656,branch_left,yellow,left,9,4
347,1362,671,fountain_left,yellow,left,9,4
348,1358,678,fountain_left,yellow,left,9,4
349,1379,690,fountain_left,yellow,left,9,4
350,1384,716,fountain_left,yellow,left,9,4
351,1383,721,fountain_left,yellow,left,9,4
352,1391,735,fountain_left,yellow,left,9,4
353,1377,722,fountain_left,yellow,left,9,4
354,1381,718,fountain_left,yellow,left,9,4
355,1393,715,fountain_left,yellow,left,9,4
356,1402,711,fountain_left,yellow,left,9,4
357,1398,709,fountain_left,yellow,left,9,4
358,1395,712,fountain_left,yellow,left,9,4
359,1391,718,fountain_left,yellow,left,9,4
360,1387,724,fountain_left,yellow,left,9,4
361,1385,736,fountain_left,yellow,left,9,4
362,1385,736,fountain_left,yellow,left,9,4
363,1385,736,fountain_left,yellow,left,9,4
364,1398,716,fountain_left,yellow,left,9,4
365,1402,714,fountain_left,yellow,left,9,4
366,1402,714,fountain_left,yellow,left,9,4
367,1407,703,fountain_left,yellow,left,9,4
368,1400,679,fountain_left,yellow,left,9,4
369,1406,688,fountain_left,yellow,left,9,4
370,1414,688,fountain_left,yellow,left,9,4
371,1441,690,fountain_left,yellow,left,9,4
372,1437,685,fountain_left,yellow,left,9,4
373,1440,684,fountain_left,yellow,left,9,4
374,1444,677,fountain_left,yellow,left,9,4
375,1445,676,fountain_left,yellow,left,9,4
376,1449,678,fountain_left,yellow,left,9,4
377,1451,671,fountain_left,yellow,left,9,4
378,1456,671,fountain_left,yellow,left,9,4
379,1457,670,fountain_left,yellow,left,9,4
380,1458,669,fountain_left,yellow,left,9,4
381,1458,670,fountain_left,yellow,left,9,4
382,1451,666,fountain_left,yellow,left,9,4
383,1454,667,fountain_left,yellow,left,9,4
384,1446,677,fountain_left,yellow,left,9,4
385,1452,677,fountain_left,yellow,left,9,4
386,1461,699,fountain_left,yellow,left,9,4
387,1458,697,fountain_left,yellow,left,9,4
388,1458,697,fountain_left,yellow,left,9,4
389,1446,675,fountain_left,yellow,left,9,4
390,1455,671,fountain_left,yellow,left,9,4
391,1457,670,fountain_left,yellow,left,9,4
392,1457,675,fountain_left,yellow,left,9,4
393,1451,674,fountain_left,yellow,left,9,4
394,1454,668,fountain_left,yellow,left,9,4
395,1482,674,fountain_left,yellow,left,9,4
396,1482,674,fountain_left,yellow,left,9,4
397,1511,648,fountain_left,yellow,left,9,4
398,1470,642,fountain_left,yellow,left,9,4
399,1457,634,fountain_left,yellow,left,9,4
400,1447,611,fountain_left,yellow,left,9,4
401,1434,588,branch_left,yellow,left,9,4
402,1409,571,branch_left,yellow,left,9,4
403,1401,562,branch_left,yellow,left,9,4
404,1386,539,branch_left,yellow,left,9,4
405,1357,519,branch_left,yellow,left,9,4
406,1344,504,branch_left,yellow,left,9,4
407,1314,482,branch_left,yellow,left,9,4
408,1308,491,branch_left,yellow,left,9,4
409,1278,442,test,yellow,left,9,4
410,1259,420,test,yellow,left,9,4
411,1253,379,test,yellow,left,9,4
412,1257,361,test,yellow,left,9,4
413,1266,329,branch_right,yellow,left,9,4
414,1285,304,branch_right,yellow,left,9,4
415,1320,262,branch_right,yellow,left,9,4
416,1334,237,branch_right,yellow,left,9,4
417,1342,221,branch_right,yellow,left,9,4
418,1374,197,branch_right,yellow,left,9,4
419,1396,193,fountain_right,yellow,left,9,4
420,1389,190,fountain_right,yellow,left,9,4
421,1387,190,fountain_right,yellow,left,9,4
422,1379,193,branch_right,yellow,left,9,4
423,1358,198,branch_right,yellow,left,9,4
424,1378,182,fountain_right,yellow,left,9,4
425,1388,171,fountain_right,yellow,left,9,4
426,1398,143,fountain_right,yellow,left,9,4
427,1404,126,fountain_right,yellow,left,9,4
428,1425,98,fountain_right,yellow,left,9,4
429,1420,101,fountain_right,yellow,left,9,4
430,1410,103,fountain_right,yellow,left,9,4
431,1396,100,fountain_right,yellow,left,9,4
432,1392,74,fountain_right,yellow,left,9,4
433,1392,86,fountain_right,yellow,left,9,4
434,1390,90,fountain_right,yellow,left,9,4
435,1428,71,fountain_right,yellow,left,9,4
436,1418,80,fountain_right,yellow,left,9,4
437,1396,87,fountain_right,yellow,left,9,4
438,1388,93,fountain_right,yellow,left,9,4
439,1376,101,fountain_right,yellow,left,9,4
440,1373,92,fountain_right,yellow,left,9,4
441,1364,72,fountain_right,yellow,left,9,4
442,1350,56,fountain_right,yellow,left,9,4
443,1350,72,fountain_right,yellow,left,9,4
444,1344,75,fountain_right,yellow,left,9,4
445,1323,93,fountain_right,yellow,left,9,4
446,1324,99,fountain_right,yellow,left,9,4
447,1312,116,fountain_right,yellow,left,9,4
448,1293,140,fountain_right,yellow,left,9,4
449,1291,175,branch_right,yellow,left,9,4
450,1266,211,branch_right,yellow,left,9,4
451,1269,215,branch_right,yellow,left,9,4
452,1264,257,branch_right,yellow,left,9,4
453,1267,292,branch_right,yellow,left,9,4
454,1251,324,branch_right,yellow,left,9,4
455,1237,338,branch_right,yellow,left,9,4
456,1221,357,test,yellow,left,9,4
457,1172,382,test,yellow,left,9,4
458,1129,398,test,yellow,left,9,4
459,1109,395,test,yellow,left,9,4
460,1066,400,test,yellow,left,9,4
461,1029,402,test,yellow,left,9,4
462,1029,402,test,yellow,left,9,4
463,997,416,test,yellow,left,9,4
464,1019,381,test,yellow,left,9,4
465,1011,416,test,yellow,left,9,4
466,1012,432,test,yellow,left,9,4
467,1026,406,test,yellow,left,9,4
468,1038,430,test,yellow,left,9,4
469,1049,408,test,yellow,left,9,4
470,1064,410,test,yellow,left,9,4
471,1066,412,test,yellow,left,9,4
472,1088,408,test,yellow,left,9,4
473,1090,400,test,yellow,left,9,4
474,1111,403,test,yellow,left,9,4
475,1149,412,test,yellow,left,9,4
476,1162,399,test,yellow,left,9,4
477,1161,408,test,yellow,left,9,4
478,1146,397,test,yellow,left,9,4
479,1171,391,test,yellow,left,9,4
480,1198,399,test,yellow,left,9,4
481,1228,404,test,yellow,left,9,4
482,1253,428,test,yellow,left,9,4
483,1267,443,test,yellow,left,9,4
484,1282,466,branch_left,yellow,left,9,4
485,1291,477,branch_left,yellow,left,9,4
486,1298,514,branch_left,yellow,left,9,4
487,1304,558,branch_left,yellow,left,9,4
488,1315,582,branch_left,yellow,left,9,4
489,1349,570,branch_left,yellow,left,9,4
490,1374,577,branch_left,yellow,left,9,4
491,1380,584,branch_left,yellow,left,9,4
492,1391,605,branch_left,yellow,left,9,4
493,1399,614,branch_left,yellow,left,9,4
494,1404,623,branch_left,yellow,left,9,4
495,1401,623,branch_left,yellow,left,9,4
496,1410,632,fountain_left,yellow,left,9,4
497,1403,627,branch_left,yellow,left,9,4
498,1402,628,branch_left,yellow,left,9,4
499,1403,629,branch_left,yellow,left,9,4
500,1405,635,fountain_left,yellow,left,9,4
501,1404,633,fountain_left,yellow,left,9,4
502,1415,650,fountain_left,yellow,left,9,4
503,1408,646,fountain_left,yellow,left,9,4
504,1405,633,fountain_left,yellow,left,9,4
505,1406,633,fountain_left,yellow,left,9,4
506,1406,633,fountain_left,yellow,left,9,4
507,1406,637,fountain_left,yellow,left,9,4
508,1407,637,fountain_left,yellow,left,9,4
509,1411,644,fountain_left,yellow,left,9,4
510,1411,643,fountain_left,yellow,left,9,4
511,1405,634,fountain_left,yellow,left,9,4
512,1405,635,fountain_left,yellow,left,9,4
513,1404,638,fountain_left,yellow,left,9,4
514,1408,646,fountain_left,yellow,left,9,4
515,1409,645,fountain_left,yellow,left,9,4
516,1403,639,fountain_left,yellow,left,9,4
517,1402,642,fountain_left,yellow,left,9,4
518,1402,642,fountain_left,yellow,left,9,4
519,1402,641,fountain_left,yellow,left,9,4
520,1402,642,fountain_left,yellow,left,9,4
521,1402,642,fountain_left,yellow,left,9,4
522,1401,642,fountain_left,yellow,left,9,4
523,1401,642,fountain_left,yellow,left,9,4
524,1401,641,fountain_left,yellow,left,9,4
525,1400,640,fountain_left,yellow,left,9,4
526,1399,646,fountain_left,yellow,left,9,4
527,1400,646,fountain_left,yellow,left,9,4
528,1400,646,fountain_left,yellow,left,9,4
529,1399,640,fountain_left,yellow,left,9,4
530,1399,641,fountain_left,yellow,left,9,4
531,1399,645,fountain_left,yellow,left,9,4
532,1400,644,fountain_left,yellow,left,9,4
533,1400,645,fountain_left,yellow,left,9,4
534,1400,641,fountain_left,yellow,left,9,4
535,1400,645,fountain_left,yellow,left,9,4
536,1400,645,fountain_left,yellow,left,9,4
537,1399,646,fountain_left,yellow,left,9,4
538,1400,647,fountain_left,yellow,left,9,4
539,1399,648,fountain_left,yellow,left,9,4
540,1399,648,fountain_left,yellow,left,9,4
541,1398,648,fountain_left,yellow,left,9,4
542,1399,648,fountain_left,yellow,left,9,4
543,1399,648,fountain_left,yellow,left,9,4
544,1400,648,fountain_left,yellow,left,9,4
545,1399,646,fountain_left,yellow,left,9,4
546,1399,648,fountain_left,yellow,left,9,4
547,1399,649,fountain_left,yellow,left,9,4
548,1399,649,fountain_left,yellow,left,9,4
549,1399,646,fountain_left,yellow,left,9,4
550,1399,648,fountain_left,yellow,left,9,4
551,1398,647,fountain_left,yellow,left,9,4
552,1399,645,fountain_left,yellow,left,9,4
553,1398,645,fountain_left,yellow,left,9,4
554,1398,646,fountain_left,yellow,left,9,4
555,1399,646,fountain_left,yellow,left,9,4
556,1398,647,fountain_left,yellow,left,9,4
557,1399,647,fountain_left,yellow,left,9,4
558,1398,647,fountain_left,yellow,left,9,4
559,1398,647,fountain_left,yellow,left,9,4
560,1398,647,fountain_left,yellow,left,9,4
561,1398,647,fountain_left,yellow,left,9,4
562,1398,648,fountain_left,yellow,left,9,4
563,1399,648,fountain_left,yellow,left,9,4
564,1399,648,fountain_left,yellow,left,9,4
565,1398,648,fountain_left,yellow,left,9,4
566,1399,648,fountain_left,yellow,left,9,4
567,1398,648,fountain_left,yellow,left,9,4
568,1398,649,fountain_left,yellow,left,9,4
569,1399,648,fountain_left,yellow,left,9,4
570,1398,648,fountain_left,yellow,left,9,4
571,1398,648,fountain_left,yellow,left,9,4
572,1399,648,fountain_left,yellow,left,9,4
573,1398,648,fountain_left,yellow,left,9,4
574,1399,648,fountain_left,yellow,left,9,4
575,1399,649,fountain_left,yellow,left,9,4
576,1399,649,fountain_left,yellow,left,9,4
577,1399,647,fountain_left,yellow,left,9,4
578,1399,649,fountain_left,yellow,left,9,4
579,1399,647,fountain_left,yellow,left,9,4
580,1400,649,fountain_left,yellow,left,9,4
581,1399,649,fountain_left,yellow,left,9,4
582,1399,648,fountain_left,yellow,left,9,4
583,1399,649,fountain_left,yellow,left,9,4
584,1399,648,fountain_left,yellow,left,9,4
585,1399,649,fountain_left,yellow,left,9,4
586,1399,649,fountain_left,yellow,left,9,4
587,1399,649,fountain_left,yellow,left,9,4
588,1399,649,fountain_left,yellow,left,9,4
589,1399,649,fountain_left,yellow,left,9,4
590,1399,649,fountain_left,yellow,left,9,4
591,1399,649,fountain_left,yellow,left,9,4
592,1399,649,fountain_left,yellow,left,9,4
593,1399,649,fountain_left,yellow,left,9,4
594,1399,648,fountain_left,yellow,left,9,4
595,1399,648,fountain_left,yellow,left,9,4
596,1400,648,fountain_left,yellow,left,9,4
597,1401,648,fountain_left,yellow,left,9,4
598,1399,647,fountain_left,yellow,left,9,4
599,1400,647,fountain_left,yellow,left,9,4
600,1399,647,fountain_left,yellow,left,9,4
601,1400,647,fountain_left,yellow,left,9,4
602,1400,648,fountain_left,yellow,left,9,4
603,1400,646,fountain_left,yellow,left,9,4
604,1399,646,fountain_left,yellow,left,9,4
605,1400,646,fountain_left,yellow,left,9,4
606,1399,647,fountain_left,yellow,left,9,4
607,1400,647,fountain_left,yellow,left,9,4
608,1400,646,fountain_left,yellow,left,9,4
609,1400,647,fountain_left,yellow,left,9,4
610,1400,647,fountain_left,yellow,left,9,4
611,1400,647,fountain_left,yellow,left,9,4
612,1401,647,fountain_left,yellow,left,9,4
613,1400,647,fountain_left,yellow,left,9,4
614,1400,646,fountain_left,yellow,left,9,4
615,1400,647,fountain_left,yellow,left,9,4
616,1401,648,fountain_left,yellow,left,9,4
617,1401,647,fountain_left,yellow,left,9,4
618,1401,648,fountain_left,yellow,left,9,4
619,1401,647,fountain_left,yellow,left,9,4
620,1401,647,fountain_left,yellow,left,9,4
621,1401,647,fountain_left,yellow,left,9,4
622,1400,647,fountain_left,yellow,left,9,4
623,1400,647,fountain_left,yellow,left,9,4
624,1401,647,fountain_left,yellow,left,9,4
625,1401,647,fountain_left,yellow,left,9,4
626,1400,647,fountain_left,yellow,left,9,4
627,1401,648,fountain_left,yellow,left,9,4
628,1400,647,fountain_left,yellow,left,9,4
629,1401,648,fountain_left,yellow,left,9,4
630,1401,648,fountain_left,yellow,left,9,4
631,1401,648,fountain_left,yellow,left,9,4
632,1401,648,fountain_left,yellow,left,9,4
633,1401,648,fountain_left,yellow,left,9,4
634,1401,648,fountain_left,yellow,left,9,4
635,1401,648,fountain_left,yellow,left,9,4
636,1401,649,fountain_left,yellow,left,9,4
637,1401,648,fountain_left,yellow,left,9,4
638,1401,649,fountain_left,yellow,left,9,4
639,1401,648,fountain_left,yellow,left,9,4
640,1401,648,fountain_left,yellow,left,9,4
641,1401,648,fountain_left,yellow,left,9,4
642,1401,648,fountain_left,yellow,left,9,4
643,1401,648,fountain_left,yellow,left,9,4
644,1403,648,fountain_left,yellow,left,9,4
645,1401,649,fountain_left,yellow,left,9,4
646,1401,648,fountain_left,yellow,left,9,4
647,1401,648,fountain_left,yellow,left,9,4
648,1403,648,fountain_left,yellow,left,9,4
649,1401,648,fountain_left,yellow,left,9,4
650,1401,648,fountain_left,yellow,left,9,4
651,1401,648,fountain_left,yellow,left,9,4
652,1401,648,fountain_left,yellow,left,9,4
653,1401,649,fountain_left,yellow,left,9,4
654,1401,648,fountain_left,yellow,left,9,4
655,1401,648,fountain_left,yellow,left,9,4
656,1400,648,fountain_left,yellow,left,9,4
657,1401,649,fountain_left,yellow,left,9,4
658,1401,649,fountain_left,yellow,left,9,4
659,1401,649,fountain_left,yellow,left,9,4
660,1401,649,fountain_left,yellow,left,9,4
661,1401,648,fountain_left,yellow,left,9,4
662,1401,649,fountain_left,yellow,left,9,4
663,1401,648,fountain_left,yellow,left,9,4
664,1401,649,fountain_left,yellow,left,9,4
665,1401,649,fountain_left,yellow,left,9,4
666,1401,649,fountain_left,yellow,left,9,4
667,1401,648,fountain_left,yellow,left,9,4
668,1401,648,fountain_left,yellow,left,9,4
669,1402,648,fountain_left,yellow,left,9,4
670,1402,648,fountain_left,yellow,left,9,4
671,1401,648,fountain_left,yellow,left,9,4
672,1401,648,fountain_left,yellow,left,9,4
673,1401,648,fountain_left,yellow,left,9,4
674,1401,647,fountain_left,yellow,left,9,4
675,1401,647,fountain_left,yellow,left,9,4
676,1401,646,fountain_left,yellow,left,9,4
677,1401,647,fountain_left,yellow,left,9,4
678,1401,646,fountain_left,yellow,left,9,4
679,1402,647,fountain_left,yellow,left,9,4
680,1401,647,fountain_left,yellow,left,9,4
681,1401,647,fountain_left,yellow,left,9,4
682,1401,647,fountain_left,yellow,left,9,4
683,1401,647,fountain_left,yellow,left,9,4
684,1401,647,fountain_left,yellow,left,9,4
685,1401,647,fountain_left,yellow,left,9,4
686,1401,647,fountain_left,yellow,left,9,4
687,1401,647,fountain_left,yellow,left,9,4
688,1401,647,fountain_left,yellow,left,9,4
689,1401,646,fountain_left,yellow,left,9,4
690,1402,647,fountain_left,yellow,left,9,4
691,1401,646,fountain_left,yellow,left,9,4
692,1401,647,fountain_left,yellow,left,9,4
693,1402,646,fountain_left,yellow,left,9,4
694,1402,647,fountain_left,yellow,left,9,4
695,1402,648,fountain_left,yellow,left,9,4
696,1403,647,fountain_left,yellow,left,9,4
697,1401,647,fountain_left,yellow,left,9,4
698,1401,647,fountain_left,yellow,left,9,4
699,1402,648,fountain_left,yellow,left,9,4
700,1402,647,fountain_left,yellow,left,9,4
701,1402,647,fountain_left,yellow,left,9,4
702,1402,648,fountain_left,yellow,left,9,4
703,1402,647,fountain_left,yellow,left,9,4
704,1402,648,fountain_left,yellow,left,9,4
705,1402,648,fountain_left,yellow,left,9,4
706,1402,648,fountain_left,yellow,left,9,4
707,1402,648,fountain_left,yellow,left,9,4
708,1402,648,fountain_left,yellow,left,9,4
709,1402,647,fountain_left,yellow,left,9,4
710,1400,647,fountain_left,yellow,left,9,4
711,1402,648,fountain_left,yellow,left,9,4
712,1401,647,fountain_left,yellow,left,9,4
713,1402,647,fountain_left,yellow,left,9,4
714,1402,647,fountain_left,yellow,left,9,4
715,1402,646,fountain_left,yellow,left,9,4
716,1401,646,fountain_left,yellow,left,9,4
717,1402,643,fountain_left,yellow,left,9,4
718,1402,645,fountain_left,yellow,left,9,4
719,1401,643,fountain_left,yellow,left,9,4
720,1401,643,fountain_left,yellow,left,9,4
721,1401,638,fountain_left,yellow,left,9,4
722,1403,637,fountain_left,yellow,left,9,4
723,1405,638,fountain_left,yellow,left,9,4
724,1409,636,fountain_left,yellow,left,9,4
725,1425,639,fountain_left,yellow,left,9,4
726,1422,631,fountain_left,yellow,left,9,4
727,1421,632,fountain_left,yellow,left,9,4
728,1418,639,fountain_left,yellow,left,9,4
729,1420,639,fountain_left,yellow,left,9,4
730,1424,649,fountain_left,yellow,left,9,4
731,1425,652,fountain_left,yellow,left,9,4
732,1430,667,fountain_left,yellow,left,9,4
733,1443,697,fountain_left,yellow,left,9,4
734,1440,701,fountain_left,yellow,left,9,4
735,1431,696,fountain_left,yellow,left,9,4
736,1418,700,fountain_left,yellow,left,9,4
737,1406,706,fountain_left,yellow,left,9,4
738,1403,716,fountain_left,yellow,left,9,4
739,1409,720,fountain_left,yellow,left,9,4
740,1409,720,fountain_left,yellow,left,9,4
741,1409,720,fountain_left,yellow,left,9,4
742,1427,697,fountain_left,yellow,left,9,4
743,1435,695,fountain_left,yellow,left,9,4
744,1435,694,fountain_left,yellow,left,9,4
745,1432,690,fountain_left,yellow,left,9,4
746,1437,691,fountain_left,yellow,left,9,4
747,1440,693,fountain_left,yellow,left,9,4
748,1439,687,fountain_left,yellow,left,9,4
749,1446,674,fountain_left,yellow,left,9,4
750,1463,668,fountain_left,yellow,left,9,4
751,1469,659,fountain_left,yellow,left,9,4
752,1467,651,fountain_left,yellow,left,9,4
753,1464,656,fountain_left,yellow,left,9,4
754,1453,667,fountain_left,yellow,left,9,4
755,1440,671,fountain_left,yellow,left,9,4
756,1434,673,fountain_left,yellow,left,9,4
757,1424,686,fountain_left,yellow,left,9,4
758,1423,690,fountain_left,yellow,left,9,4
759,1411,697,fountain_left,yellow,left,9,4
760,1411,697,fountain_left,yellow,left,9,4
761,1389,715,fountain_left,yellow,left,9,4
762,1390,705,fountain_left,yellow,left,9,4
763,1382,697,fountain_left,yellow,left,9,4
764,1372,682,fountain_left,yellow,left,9,4
765,1352,656,branch_left,yellow,left,9,4
766,1345,645,branch_left,yellow,left,9,4
767,1333,612,branch_left,yellow,left,9,4
768,1307,586,branch_left,yellow,left,9,4
769,1295,562,branch_left,yellow,left,9,4
770,1290,547,branch_left,yellow,left,9,4
771,1278,524,branch_left,yellow,left,9,4
772,1281,508,branch_left,yellow,left,9,4
773,1276,487,branch_left,yellow,left,9,4
774,1245,440,test,yellow,left,9,4
775,1244,444,test,yellow,left,9,4
776,1210,409,test,yellow,left,9,4
777,1165,409,test,yellow,left,9,4
778,1163,403,test,yellow,left,9,4
779,1130,402,test,yellow,left,9,4
780,1096,400,test,yellow,left,9,4
781,1058,411,test,yellow,left,9,4
782,1044,413,test,yellow,left,9,4
783,1009,410,test,yellow,left,9,4
784,979,409,test,yellow,left,9,4
785,957,415,gate_test,yellow,left,9,4
786,946,425,gate_test,yellow,left,9,4
787,927,430,gate_test,yellow,left,9,4
788,927,424,gate_test,yellow,left,9,4
789,939,409,gate_test,yellow,left,9,4
790,945,410,gate_test,yellow,left,9,4
791,956,415,gate_test,yellow,left,9,4
792,967,419,gate_test,yellow,left,9,4
793,975,411,test,yellow,left,9,4
794,991,404,test,yellow,left,9,4
795,992,403,test,yellow,left,9,4
796,992,395,test,yellow,left,9,4
797,996,415,test,yellow,left,9,4
798,999,418,test,yellow,left,9,4
799,1007,398,test,yellow,left,9,4
800,1022,417,test,yellow,left,9,4
801,1025,410,test,yellow,left,9,4
802,1042,416,test,yellow,left,9,4
803,1048,414,test,yellow,left,9,4
804,1087,397,test,yellow,left,9,4
805,1085,402,test,yellow,left,9,4
806,1111,401,test,yellow,left,9,4
807,1150,405,test,yellow,left,9,4
808,1158,393,test,yellow,left,9,4
809,1177,376,test,yellow,left,9,4
810,1214,358,test,yellow,left,9,4
811,1219,362,test,yellow,left,9,4
812,1239,333,branch_right,yellow,left,9,4
813,1243,298,branch_right,yellow,left,9,4
814,1253,281,branch_right,yellow,left,9,4
815,1267,267,branch_right,yellow,left,9,4
816,1284,245,branch_right,yellow,left,9,4
817,1294,235,branch_right,yellow,left,9,4
818,1321,233,branch_right,yellow,left,9,4
819,1332,238,branch_right,yellow,left,9,4
820,1335,237,branch_right,yellow,left,9,4
821,1331,227,branch_right,yellow,left,9,4
822,1371,205,branch_right,yellow,left,9,4
823,1378,188,branch_right,yellow,left,9,4
824,1386,174,fountain_right,yellow,left,9,4
825,1398,149,fountain_right,yellow,left,9,4
826,1402,129,fountain_right,yellow,left,9,4
827,1394,117,fountain_right,yellow,left,9,4
828,1395,106,fountain_right,yellow,left,9,4
829,1396,94,fountain_right,yellow,left,9,4
830,1393,83,fountain_right,yellow,left,9,4
831,1393,77,fountain_right,yellow,left,9,4
832,1396,62,fountain_right,yellow,left,9,4
833,1393,62,fountain_right,yellow,left,9,4
834,1388,58,fountain_right,yellow,left,9,4
835,1383,56,fountain_right,yellow,left,9,4
836,1378,54,fountain_right,yellow,left,9,4
837,1380,55,fountain_right,yellow,left,9,4
838,1379,55,fountain_right,yellow,left,9,4
839,1377,55,fountain_right,yellow,left,9,4
840,1379,52,branch_right,yellow,left,9,4
841,1375,52,fountain_right,yellow,left,9,4
842,1370,54,fountain_right,yellow,left,9,4
843,1372,55,fountain_right,yellow,left,9,4
844,1374,59,fountain_right,yellow,left,9,4
845,1382,61,fountain_right,yellow,left,9,4
846,1384,62,fountain_right,yellow,left,9,4
847,1386,63,fountain_right,yellow,left,9,4
848,1386,63,fountain_right,yellow,left,9,4
849,1385,64,fountain_right,yellow,left,9,4
850,1387,64,fountain_right,yellow,left,9,4
851,1391,64,fountain_right,yellow,left,9,4
852,1390,63,fountain_right,yellow,left,9,4
853,1390,64,fountain_right,yellow,left,9,4
854,1394,65,fountain_right,yellow,left,9,4
855,1396,65,fountain_right,yellow,left,9,4
856,1412,72,fountain_right,yellow,left,9,4
857,1409,75,fountain_right,yellow,left,9,4
858,1410,76,fountain_right,yellow,left,9,4
859,1418,83,fountain_right,yellow,left,9,4
860,1424,88,fountain_right,yellow,left,9,4
861,1422,87,fountain_right,yellow,left,9,4
862,1413,82,fountain_right,yellow,left,9,4
863,1409,81,fountain_right,yellow,left,9,4
864,1407,77,fountain_right,yellow,left,9,4
865,1407,76,fountain_right,yellow,left,9,4
866,1406,74,fountain_right,yellow,left,9,4
867,1402,74,fountain_right,yellow,left,9,4
868,1399,67,fountain_right,yellow,left,9,4
869,1397,68,fountain_right,yellow,left,9,4
870,1392,64,fountain_right,yellow,left,9,4
871,1391,65,fountain_right,yellow,left,9,4
872,1393,63,fountain_right,yellow,left,9,4
873,1394,64,fountain_right,yellow,left,9,4
874,1390,62,fountain_right,yellow,left,9,4
875,1390,61,fountain_right,yellow,left,9,4
876,1395,61,fountain_right,yellow,left,9,4
877,1398,68,fountain_right,yellow,left,9,4
878,1400,70,fountain_right,yellow,left,9,4
879,1401,69,fountain_right,yellow,left,9,4
880,1401,68,fountain_right,yellow,left,9,4
881,1397,65,fountain_right,yellow,left,9,4
882,1389,60,fountain_right,yellow,left,9,4
883,1387,60,fountain_right,yellow,left,9,4
884,1388,61,fountain_right,yellow,left,9,4
885,1391,60,fountain_right,yellow,left,9,4
886,1380,56,fountain_right,yellow,left,9,4
887,1380,58,fountain_right,yellow,left,9,4
888,1385,65,fountain_right,yellow,left,9,4
889,1388,70,fountain_right,yellow,left,9,4
890,1392,71,fountain_right,yellow,left,9,4
891,1398,71,fountain_right,yellow,left,9,4
892,1410,76,fountain_right,yellow,left,9,4
893,1416,79,fountain_right,yellow,left,9,4
894,1412,86,fountain_right,yellow,left,9,4
895,1412,84,fountain_right,yellow,left,9,4
896,1416,78,fountain_right,yellow,left,9,4
897,1414,76,fountain_right,yellow,left,9,4
898,1414,78,fountain_right,yellow,left,9,4
899,1416,77,fountain_right,yellow,left,9,4
900,1417,79,fountain_right,yellow,left,9,4
901,1413,77,fountain_right,yellow,left,9,4
902,1408,72,fountain_right,yellow,left,9,4
903,1396,69,fountain_right,yellow,left,9,4
904,1395,68,fountain_right,yellow,left,9,4
905,1384,62,fountain_right,yellow,left,9,4
906,1380,61,fountain_right,yellow,left,9,4
907,1378,60,fountain_right,yellow,left,9,4
908,1383,63,fountain_right,yellow,left,9,4
909,1384,64,fountain_right,yellow,left,9,4
910,1392,62,fountain_right,yellow,left,9,4
911,1394,63,fountain_right,yellow,left,9,4
912,1397,66,fountain_right,yellow,left,9,4
913,1398,67,fountain_right,yellow,left,9,4
914,1397,66,fountain_right,yellow,left,9,4
915,1398,65,fountain_right,yellow,left,9,4
916,1399,72,fountain_right,yellow,left,9,4
917,1399,71,fountain_right,yellow,left,9,4
918,1398,72,fountain_right,yellow,left,9,4
919,1394,69,fountain_right,yellow,left,9,4
920,1393,66,fountain_right,yellow,left,9,4
921,1396,67,fountain_right,yellow,left,9,4
922,1386,61,fountain_right,yellow,left,9,4
923,1384,59,fountain_right,yellow,left,9,4
924,1384,58,fountain_right,yellow,left,9,4
925,1383,58,fountain_right,yellow,left,9,4
926,1388,60,fountain_right,yellow,left,9,4
927,1390,60,fountain_right,yellow,left,9,4
928,1387,57,fountain_right,yellow,left,9,4
929,1357,75,fountain_right,yellow,left,9,4
930,1362,61,fountain_right,yellow,left,9,4
931,1366,55,fountain_right,yellow,left,9,4
932,1377,58,fountain_right,yellow,left,9,4
933,1382,59,fountain_right,yellow,left,9,4
934,1383,62,fountain_right,yellow,left,9,4
935,1384,64,fountain_right,yellow,left,9,4
936,1383,61,fountain_right,yellow,left,9,4
937,1384,66,fountain_right,yellow,left,9,4
938,1391,71,fountain_right,yellow,left,9,4
939,1411,78,fountain_right,yellow,left,9,4
940,1415,78,fountain_right,yellow,left,9,4
941,1413,84,fountain_right,yellow,left,9,4
942,1414,80,fountain_right,yellow,left,9,4
943,1415,79,fountain_right,yellow,left,9,4
944,1417,83,fountain_right,yellow,left,9,4
945,1417,85,fountain_right,yellow,left,9,4
946,1412,86,fountain_right,yellow,left,9,4
947,1415,80,fountain_right,yellow,left,9,4
948,1416,78,fountain_right,yellow,left,9,4
949,1411,81,fountain_right,yellow,left,9,4
950,1417,79,fountain_right,yellow,left,9,4
951,1421,79,fountain_right,yellow,left,9,4
952,1417,74,fountain_right,yellow,left,9,4
953,1407,69,fountain_right,yellow,left,9,4
954,1396,68,fountain_right,yellow,left,9,4
955,1397,74,fountain_right,yellow,left,9,4
956,1406,72,fountain_right,yellow,left,9,4
957,1407,74,fountain_right,yellow,left,9,4
958,1412,74,fountain_right,yellow,left,9,4
959,1412,79,fountain_right,yellow,left,9,4
960,1422,78,fountain_right,yellow,left,9,4
961,1424,79,fountain_right,yellow,left,9,4
962,1428,83,fountain_right,yellow,left,9,4
963,1434,95,fountain_right,yellow,left,9,4
964,1434,97,fountain_right,yellow,left,9,4
965,1441,100,fountain_right,yellow,left,9,4
967,1435,98,fountain_right,yellow,left,9,4
968,1429,96,fountain_right,yellow,left,9,4
969,1422,83,fountain_right,yellow,left,9,4
970,1417,81,fountain_right,yellow,left,9,4
971,1406,61,fountain_right,yellow,left,9,4
972,1393,55,fountain_right,yellow,left,9,4
973,1379,46,branch_right,yellow,left,9,4
974,1364,37,branch_right,yellow,left,9,4
975,1363,35,branch_right,yellow,left,9,4
976,1355,32,branch_right,yellow,left,9,4
977,1355,33,branch_right,yellow,left,9,4
978,1358,35,branch_right,yellow,left,9,4
979,1353,38,branch_right,yellow,left,9,4
980,1350,38,branch_right,yellow,left,9,4
981,1347,39,branch_right,yellow,left,9,4
982,1352,36,branch_right,yellow,left,9,4
983,1357,35,branch_right,yellow,left,9,4
984,1353,30,branch_right,yellow,left,9,4
985,1349,32,branch_right,yellow,left,9,4
986,1349,34,branch_right,yellow,left,9,4
987,1340,33,branch_right,yellow,left,9,4
988,1341,28,branch_right,yellow,left,9,4
989,1344,30,branch_right,yellow,left,9,4
990,1337,33,branch_right,yellow,left,9,4
991,1337,33,branch_right,yellow,left,9,4
992,1330,40,branch_right,yellow,left,9,4
993,1328,39,branch_right,yellow,left,9,4
994,1327,40,branch_right,yellow,left,9,4
995,1327,39,branch_right,yellow,left,9,4
996,1323,44,fountain_right,yellow,left,9,4
997,1325,45,fountain_right,yellow,left,9,4
998,1319,42,branch_right,yellow,left,9,4
999,1321,49,fountain_right,yellow,left,9,4
1000,1325,50,fountain_right,yellow,left,9,4
1001,1332,45,fountain_right,yellow,left,9,4
1002,1333,44,branch_right,yellow,left,9,4
1003,1337,45,branch_right,yellow,left,9,4
1004,1335,45,fountain_right,yellow,left,9,4
1005,1337,46,fountain_right,yellow,left,9,4
1006,1334,43,branch_right,yellow,left,9,4
1007,1339,41,branch_right,yellow,left,9,4
1008,1341,42,branch_right,yellow,left,9,4
1009,1349,44,branch_right,yellow,left,9,4
1010,1352,47,branch_right,yellow,left,9,4
1011,1364,58,fountain_right,yellow,left,9,4
1012,1369,60,fountain_right,yellow,left,9,4
1013,1378,57,fountain_right,yellow,left,9,4
1014,1379,58,fountain_right,yellow,left,9,4
1015,1375,54,fountain_right,yellow,left,9,4
1016,1373,54,fountain_right,yellow,left,9,4
1017,1373,53,fountain_right,yellow,left,9,4
1018,1380,55,fountain_right,yellow,left,9,4
1019,1376,59,fountain_right,yellow,left,9,4
1020,1375,58,fountain_right,yellow,left,9,4
1021,1363,61,fountain_right,yellow,left,9,4
1022,1361,58,fountain_right,yellow,left,9,4
1023,1361,56,fountain_right,yellow,left,9,4
1024,1355,55,fountain_right,yellow,left,9,4
1025,1356,51,fountain_right,yellow,left,9,4
1026,1355,51,fountain_right,yellow,left,9,4
1027,1358,51,fountain_right,yellow,left,9,4
1028,1360,52,fountain_right,yellow,left,9,4
1029,1366,50,branch_right,yellow,left,9,4
1030,1372,54,fountain_right,yellow,left,9,4
1031,1375,61,fountain_right,yellow,left,9,4
1032,1396,66,fountain_right,yellow,left,9,4
1033,1413,72,fountain_right,yellow,left,9,4
1034,1418,75,fountain_right,yellow,left,9,4
1035,1415,83,fountain_right,yellow,left,9,4
1036,1414,83,fountain_right,yellow,left,9,4
1037,1422,76,fountain_right,yellow,left,9,4
1038,1422,78,fountain_right,yellow,left,9,4
1039,1423,82,fountain_right,yellow,left,9,4
1040,1421,82,fountain_right,yellow,left,9,4
1041,1420,83,fountain_right,yellow,left,9,4
1042,1421,82,fountain_right,yellow,left,9,4
1043,1417,92,fountain_right,yellow,left,9,4
1044,1415,85,fountain_right,yellow,left,9,4
1045,1413,87,fountain_right,yellow,left,9,4
1046,1412,84,fountain_right,yellow,left,9,4
1047,1406,79,fountain_right,yellow,left,9,4
1048,1396,72,fountain_right,yellow,left,9,4
1049,1394,69,fountain_right,yellow,left,9,4
1050,1393,63,fountain_right,yellow,left,9,4
1051,1402,72,fountain_right,yellow,left,9,4
1052,1414,92,fountain_right,yellow,left,9,4
1053,1414,87,fountain_right,yellow,left,9,4
1054,1413,87,fountain_right,yellow,left,9,4
1055,1417,88,fountain_right,yellow,left,9,4
1056,1415,83,fountain_right,yellow,left,9,4
1057,1415,81,fountain_right,yellow,left,9,4
1058,1408,81,fountain_right,yellow,left,9,4
1059,1402,76,fountain_right,yellow,left,9,4
1060,1394,71,fountain_right,yellow,left,9,4
1061,1391,65,fountain_right,yellow,left,9,4
1062,1389,63,fountain_right,yellow,left,9,4
1063,1386,60,fountain_right,yellow,left,9,4
1064,1378,61,fountain_right,yellow,left,9,4
1065,1385,64,fountain_right,yellow,left,9,4
1066,1382,70,fountain_right,yellow,left,9,4
1067,1384,73,fountain_right,yellow,left,9,4
1068,1379,70,fountain_right,yellow,left,9,4
1069,1366,48,branch_right,yellow,left,9,4
1070,1359,41,branch_right,yellow,left,9,4
1071,1348,35,branch_right,yellow,left,9,4
1072,1357,36,branch_right,yellow,left,9,4
1073,1357,44,branch_right,yellow,left,9,4
1074,1349,40,branch_right,yellow,left,9,4
1075,1346,38,branch_right,yellow,left,9,4
1076,1343,45,branch_right,yellow,left,9,4
1077,1344,45,branch_right,yellow,left,9,4
1078,1343,47,fountain_right,yellow,left,9,4
1079,1347,50,fountain_right,yellow,left,9,4
1080,1344,51,fountain_right,yellow,left,9,4
1081,1343,52,fountain_right,yellow,left,9,4
1082,1344,52,fountain_right,yellow,left,9,4
1083,1341,51,fountain_right,yellow,left,9,4
1084,1337,53,fountain_right,yellow,left,9,4
1085,1336,55,fountain_right,yellow,left,9,4
1086,1336,47,fountain_right,yellow,left,9,4
1087,1338,41,branch_right,yellow,left,9,4
1088,1337,38,branch_right,yellow,left,9,4
1089,1335,38,branch_right,yellow,left,9,4
1090,1339,40,branch_right,yellow,left,9,4
1091,1343,53,fountain_right,yellow,left,9,4
1092,1346,55,fountain_right,yellow,left,9,4
1093,1353,55,fountain_right,yellow,left,9,4
1094,1356,54,fountain_right,yellow,left,9,4
1095,1363,53,fountain_right,yellow,left,9,4
1096,1366,58,fountain_right,yellow,left,9,4
1097,1371,56,fountain_right,yellow,left,9,4
1098,1377,63,fountain_right,yellow,left,9,4
1099,1379,63,fountain_right,yellow,left,9,4
1100,1388,66,fountain_right,yellow,left,9,4
1101,1393,70,fountain_right,yellow,left,9,4
1102,1398,71,fountain_right,yellow,left,9,4
1103,1408,79,fountain_right,yellow,left,9,4
1104,1412,80,fountain_right,yellow,left,9,4
1105,1415,78,fountain_right,yellow,left,9,4
1106,1419,88,fountain_right,yellow,left,9,4
1107,1420,85,fountain_right,yellow,left,9,4
1108,1417,80,fountain_right,yellow,left,9,4
1109,1414,78,fountain_right,yellow,left,9,4
1110,1411,76,fountain_right,yellow,left,9,4
1111,1399,75,fountain_right,yellow,left,9,4
1112,1401,75,fountain_right,yellow,left,9,4
1113,1412,78,fountain_right,yellow,left,9,4
1114,1411,80,fountain_right,yellow,left,9,4
1115,1396,77,fountain_right,yellow,left,9,4
1116,1389,76,fountain_right,yellow,left,9,4
1117,1385,74,fountain_right,yellow,left,9,4
1118,1377,69,fountain_right,yellow,left,9,4
1119,1369,59,fountain_right,yellow,left,9,4
1120,1352,48,fountain_right,yellow,left,9,4
1121,1346,50,fountain_right,yellow,left,9,4
1122,1345,49,fountain_right,yellow,left,9,4
1123,1345,49,fountain_right,yellow,left,9,4
1124,1345,41,branch_right,yellow,left,9,4
1125,1344,38,branch_right,yellow,left,9,4
1126,1343,38,branch_right,yellow,left,9,4
1127,1342,39,branch_right,yellow,left,9,4
1128,1341,38,branch_right,yellow,left,9,4
1129,1341,44,branch_right,yellow,left,9,4
1130,1342,43,branch_right,yellow,left,9,4
1131,1345,42,branch_right,yellow,left,9,4
1132,1345,43,branch_right,yellow,left,9,4
1133,1347,53,fountain_right,yellow,left,9,4
1134,1354,48,branch_right,yellow,left,9,4
1135,1356,50,fountain_right,yellow,left,9,4
1136,1357,53,fountain_right,yellow,left,9,4
1137,1362,54,fountain_right,yellow,left,9,4
1138,1371,55,fountain_right,yellow,left,9,4
1139,1374,56,fountain_right,yellow,left,9,4
1140,1379,65,fountain_right,yellow,left,9,4
1141,1384,62,fountain_right,yellow,left,9,4
1142,1385,63,fountain_right,yellow,left,9,4
1143,1388,60,fountain_right,yellow,left,9,4
1144,1386,62,fountain_right,yellow,left,9,4
1145,1390,58,fountain_right,yellow,left,9,4
1146,1389,54,fountain_right,yellow,left,9,4
1147,1340,65,fountain_right,yellow,left,9,4
1148,1349,58,fountain_right,yellow,left,9,4
1149,1355,56,fountain_right,yellow,left,9,4
1150,1357,56,fountain_right,yellow,left,9,4
1151,1356,57,fountain_right,yellow,left,9,4
1152,1356,59,fountain_right,yellow,left,9,4
1153,1358,58,fountain_right,yellow,left,9,4
1154,1368,59,fountain_right,yellow,left,9,4
1155,1371,63,fountain_right,yellow,left,9,4
1156,1388,68,fountain_right,yellow,left,9,4
1157,1394,68,fountain_right,yellow,left,9,4
1158,1403,75,fountain_right,yellow,left,9,4
1159,1409,83,fountain_right,yellow,left,9,4
1160,1410,84,fountain_right,yellow,left,9,4
1161,1414,77,fountain_right,yellow,left,9,4
1162,1414,83,fountain_right,yellow,left,9,4
1163,1410,83,fountain_right,yellow,left,9,4
1164,1400,83,fountain_right,yellow,left,9,4
1165,1414,82,fountain_right,yellow,left,9,4
1166,1413,82,fountain_right,yellow,left,9,4
1167,1414,85,fountain_right,yellow,left,9,4
1168,1420,87,fountain_right,yellow,left,9,4
1169,1422,87,fountain_right,yellow,left,9,4
1170,1419,80,fountain_right,yellow,left,9,4
1171,1423,74,fountain_right,yellow,left,9,4
1172,1408,71,fountain_right,yellow,left,9,4
1173,1405,70,fountain_right,yellow,left,9,4
1174,1393,69,fountain_right,yellow,left,9,4
1175,1395,70,fountain_right,yellow,left,9,4
1176,1406,78,fountain_right,yellow,left,9,4
1177,1409,76,fountain_right,yellow,left,9,4
1178,1410,73,fountain_right,yellow,left,9,4
1179,1415,79,fountain_right,yellow,left,9,4
1180,1418,79,fountain_right,yellow,left,9,4
1181,1416,82,fountain_right,yellow,left,9,4
1182,1420,81,fountain_right,yellow,left,9,4
1183,1423,87,fountain_right,yellow,left,9,4
1184,1422,85,fountain_right,yellow,left,9,4
1185,1422,82,fountain_right,yellow,left,9,4
1186,1413,81,fountain_right,yellow,left,9,4
1187,1398,73,fountain_right,yellow,left,9,4
1188,1404,74,fountain_right,yellow,left,9,4
1189,1397,71,fountain_right,yellow,left,9,4
1190,1396,66,fountain_right,yellow,left,9,4
1191,1384,54,fountain_right,yellow,left,9,4
1192,1369,46,branch_right,yellow,left,9,4
1193,1360,37,branch_right,yellow,left,9,4
1194,1352,36,branch_right,yellow,left,9,4
1195,1353,37,branch_right,yellow,left,9,4
1196,1352,40,branch_right,yellow,left,9,4
1197,1350,49,fountain_right,yellow,left,9,4
1198,1351,55,fountain_right,yellow,left,9,4
1199,1351,52,fountain_right,yellow,left,9,4
1200,1350,52,fountain_right,yellow,left,9,4
1201,1348,55,fountain_right,yellow,left,9,4
1202,1350,52,fountain_right,yellow,left,9,4
1203,1346,53,fountain_right,yellow,left,9,4
1204,1350,52,fountain_right,yellow,left,9,4
1205,1351,55,fountain_right,yellow,left,9,4
1206,1355,54,fountain_right,yellow,left,9,4
1207,1362,50,fountain_right,yellow,left,9,4
1208,1355,51,fountain_right,yellow,left,9,4
1209,1360,50,fountain_right,yellow,left,9,4
1210,1345,53,fountain_right,yellow,left,9,4
1211,1338,47,fountain_right,yellow,left,9,4
1212,1334,44,branch_right,yellow,left,9,4
1213,1336,43,branch_right,yellow,left,9,4
1214,1336,41,branch_right,yellow,left,9,4
1215,1336,41,branch_right,yellow,left,9,4
1216,1336,37,branch_right,yellow,left,9,4
1217,1334,40,branch_right,yellow,left,9,4
1218,1338,40,branch_right,yellow,left,9,4
1219,1335,41,branch_right,yellow,left,9,4
1220,1335,37,branch_right,yellow,left,9,4
1221,1335,42,branch_right,yellow,left,9,4
1222,1347,40,branch_right,yellow,left,9,4
1223,1352,41,branch_right,yellow,left,9,4
1224,1354,41,branch_right,yellow,left,9,4
1225,1357,37,branch_right,yellow,left,9,4
1226,1355,40,branch_right,yellow,left,9,4
1227,1365,49,branch_right,yellow,left,9,4
1228,1376,61,fountain_right,yellow,left,9,4
1229,1386,63,fountain_right,yellow,left,9,4
1230,1389,60,fountain_right,yellow,left,9,4
1231,1381,55,fountain_right,yellow,left,9,4
1232,1372,55,fountain_right,yellow,left,9,4
1233,1374,56,fountain_right,yellow,left,9,4
1234,1375,55,fountain_right,yellow,left,9,4
1235,1380,60,fountain_right,yellow,left,9,4
1236,1386,62,fountain_right,yellow,left,9,4
1237,1390,72,fountain_right,yellow,left,9,4
1238,1405,79,fountain_right,yellow,left,9,4
1239,1410,82,fountain_right,yellow,left,9,4
1240,1417,81,fountain_right,yellow,left,9,4
1241,1418,83,fountain_right,yellow,left,9,4
1242,1417,79,fountain_right,yellow,left,9,4
1243,1420,78,fountain_right,yellow,left,9,4
1244,1414,82,fountain_right,yellow,left,9,4
1245,1420,84,fountain_right,yellow,left,9,4
1246,1419,78,fountain_right,yellow,left,9,4
1247,1406,74,fountain_right,yellow,left,9,4
1248,1414,73,fountain_right,yellow,left,9,4
1249,1405,67,fountain_right,yellow,left,9,4
1250,1396,63,fountain_right,yellow,left,9,4
1251,1390,62,fountain_right,yellow,left,9,4
1252,1385,57,fountain_right,yellow,left,9,4
1253,1366,52,fountain_right,yellow,left,9,4
1254,1352,35,branch_right,yellow,left,9,4
1255,1350,31,branch_right,yellow,left,9,4
1256,1349,31,branch_right,yellow,left,9,4
1257,1348,31,branch_right,yellow,left,9,4
1258,1345,32,branch_right,yellow,left,9,4
1259,1338,34,branch_right,yellow,left,9,4
1260,1343,34,branch_right,yellow,left,9,4
1261,1340,48,fountain_right,yellow,left,9,4
1262,1345,45,branch_right,yellow,left,9,4
1263,1344,47,fountain_right,yellow,left,9,4
1264,1346,49,fountain_right,yellow,left,9,4
1265,1347,53,fountain_right,yellow,left,9,4
1266,1347,52,fountain_right,yellow,left,9,4
1267,1346,52,fountain_right,yellow,left,9,4
1268,1350,51,fountain_right,yellow,left,9,4
1269,1350,48,fountain_right,yellow,left,9,4
1270,1344,53,fountain_right,yellow,left,9,4
1271,1341,46,fountain_right,yellow,left,9,4
1272,1341,44,branch_right,yellow,left,9,4
1273,1340,47,fountain_right,yellow,left,9,4
1274,1343,44,branch_right,yellow,left,9,4
1275,1342,46,branch_right,yellow,left,9,4
1276,1341,44,branch_right,yellow,left,9,4
1277,1340,41,branch_right,yellow,left,9,4
1278,1326,41,branch_right,yellow,left,9,4
1279,1328,39,branch_right,yellow,left,9,4
1280,1327,33,branch_right,yellow,left,9,4
1281,1327,32,branch_right,yellow,left,9,4
1282,1331,37,branch_right,yellow,left,9,4
1283,1336,37,branch_right,yellow,left,9,4
1284,1334,37,branch_right,yellow,left,9,4
1285,1336,39,branch_right,yellow,left,9,4
1286,1341,41,branch_right,yellow,left,9,4
1287,1342,42,branch_right,yellow,left,9,4
1288,1349,47,branch_right,yellow,left,9,4
1289,1337,44,branch_right,yellow,left,9,4
1290,1346,58,fountain_right,yellow,left,9,4
1291,1353,60,fountain_right,yellow,left,9,4
1292,1375,62,fountain_right,yellow,left,9,4
1293,1385,61,fountain_right,yellow,left,9,4
1294,1399,64,fountain_right,yellow,left,9,4
1295,1420,67,fountain_right,yellow,left,9,4
1296,1410,67,fountain_right,yellow,left,9,4
1297,1421,68,fountain_right,yellow,left,9,4
1298,1427,71,fountain_right,yellow,left,9,4
1299,1431,75,fountain_right,yellow,left,9,4
1300,1432,78,fountain_right,yellow,left,9,4
1301,1425,78,fountain_right,yellow,left,9,4
1302,1421,78,fountain_right,yellow,left,9,4
1303,1419,81,fountain_right,yellow,left,9,4
1304,1421,82,fountain_right,yellow,left,9,4
1305,1422,86,fountain_right,yellow,left,9,4
1306,1419,85,fountain_right,yellow,left,9,4
1307,1419,85,fountain_right,yellow,left,9,4
1308,1421,84,fountain_right,yellow,left,9,4
1309,1421,84,fountain_right,yellow,left,9,4
1310,1419,81,fountain_right,yellow,left,9,4
1311,1421,83,fountain_right,yellow,left,9,4
1312,1420,86,fountain_right,yellow,left,9,4
1313,1418,88,fountain_right,yellow,left,9,4
1314,1416,90,fountain_right,yellow,left,9,4
1315,1406,92,fountain_right,yellow,left,9,4
1316,1414,85,fountain_right,yellow,left,9,4
1317,1412,80,fountain_right,yellow,left,9,4
1318,1399,80,fountain_right,yellow,left,9,4
1319,1417,76,fountain_right,yellow,left,9,4
1320,1418,80,fountain_right,yellow,left,9,4
1321,1415,76,fountain_right,yellow,left,9,4
1322,1397,83,fountain_right,yellow,left,9,4
1323,1397,77,fountain_right,yellow,left,9,4
1324,1398,72,fountain_right,yellow,left,9,4
1325,1385,65,fountain_right,yellow,left,9,4
1326,1375,62,fountain_right,yellow,left,9,4
1327,1371,60,fountain_right,yellow,left,9,4
1328,1373,61,fountain_right,yellow,left,9,4
1329,1373,59,fountain_right,yellow,left,9,4
1330,1375,57,fountain_right,yellow,left,9,4
1331,1380,58,fountain_right,yellow,left,9,4
1332,1375,59,fountain_right,yellow,left,9,4
1333,1383,62,fountain_right,yellow,left,9,4
1334,1389,58,fountain_right,yellow,left,9,4
1335,1391,62,fountain_right,yellow,left,9,4
1336,1389,61,fountain_right,yellow,left,9,4
1337,1391,60,fountain_right,yellow,left,9,4
1338,1395,58,fountain_right,yellow,left,9,4
1339,1403,65,fountain_right,yellow,left,9,4
1340,1410,67,fountain_right,yellow,left,9,4
1341,1413,70,fountain_right,yellow,left,9,4
1342,1414,73,fountain_right,yellow,left,9,4
1343,1422,77,fountain_right,yellow,left,9,4
1344,1424,88,fountain_right,yellow,left,9,4
1345,1423,95,fountain_right,yellow,left,9,4
1346,1422,90,fountain_right,yellow,left,9,4
1347,1425,89,fountain_right,yellow,left,9,4
1348,1428,85,fountain_right,yellow,left,9,4
1349,1430,88,fountain_right,yellow,left,9,4
1350,1434,83,fountain_right,yellow,left,9,4
1351,1441,87,fountain_right,yellow,left,9,4
1352,1429,87,fountain_right,yellow,left,9,4
1353,1429,83,fountain_right,yellow,left,9,4
1354,1425,82,fountain_right,yellow,left,9,4
1355,1425,83,fountain_right,yellow,left,9,4
1356,1418,81,fountain_right,yellow,left,9,4
1357,1420,80,fountain_right,yellow,left,9,4
1358,1420,79,fountain_right,yellow,left,9,4
1359,1421,80,fountain_right,yellow,left,9,4
1360,1415,81,fountain_right,yellow,left,9,4
1361,1410,84,fountain_right,yellow,left,9,4
1362,1408,91,fountain_right,yellow,left,9,4
1363,1407,93,fountain_right,yellow,left,9,4
1364,1410,88,fountain_right,yellow,left,9,4
1365,1409,91,fountain_right,yellow,left,9,4
1366,1409,94,fountain_right,yellow,left,9,4
1367,1408,94,fountain_right,yellow,left,9,4
1368,1404,95,fountain_right,yellow,left,9,4
1369,1406,91,fountain_right,yellow,left,9,4
1370,1420,85,fountain_right,yellow,left,9,4
1371,1422,81,fountain_right,yellow,left,9,4
1372,1423,82,fountain_right,yellow,left,9,4
1373,1426,81,fountain_right,yellow,left,9,4
1374,1429,87,fountain_right,yellow,left,9,4
1375,1437,89,fountain_right,yellow,left,9,4
1376,1439,90,fountain_right,yellow,left,9,4
1377,1438,90,fountain_right,yellow,left,9,4
1378,1438,90,fountain_right,yellow,left,9,4
1379,1438,91,fountain_right,yellow,left,9,4
1380,1439,92,fountain_right,yellow,left,9,4
1381,1437,92,fountain_right,yellow,left,9,4
1382,1439,93,fountain_right,yellow,left,9,4
1383,1439,91,fountain_right,yellow,left,9,4
1384,1437,89,fountain_right,yellow,left,9,4
1385,1438,94,fountain_right,yellow,left,9,4
1386,1440,95,fountain_right,yellow,left,9,4
1387,1440,95,fountain_right,yellow,left,9,4
1388,1435,97,fountain_right,yellow,left,9,4
1389,1442,83,fountain_right,yellow,left,9,4
1390,1438,80,fountain_right,yellow,left,9,4
1391,1442,78,fountain_right,yellow,left,9,4
1392,1432,109,fountain_right,yellow,left,9,4
1393,1429,75,fountain_right,yellow,left,9,4
1394,1415,93,fountain_right,yellow,left,9,4
1395,1428,80,fountain_right,yellow,left,9,4
1396,1432,71,fountain_right,yellow,left,9,4
1397,1427,65,fountain_right,yellow,left,9,4
1398,1420,57,branch_right,yellow,left,9,4
1399,1417,54,branch_right,yellow,left,9,4
1400,1402,56,branch_right,yellow,left,9,4
1401,1387,44,branch_right,yellow,left,9,4
1402,1390,40,branch_right,yellow,left,9,4
1403,1382,50,branch_right,yellow,left,9,4
1404,1359,33,branch_right,yellow,left,9,4
1405,1359,33,branch_right,yellow,left,9,4
1406,1368,44,branch_right,yellow,left,9,4
1407,1364,34,branch_right,yellow,left,9,4
1408,1359,33,branch_right,yellow,left,9,4
1409,1355,21,branch_right,yellow,left,9,4
1410,1347,28,branch_right,yellow,left,9,4
1411,1332,33,branch_right,yellow,left,9,4
1412,1330,46,fountain_right,yellow,left,9,4
1413,1329,40,branch_right,yellow,left,9,4
1414,1322,45,fountain_right,yellow,left,9,4
1415,1319,54,fountain_right,yellow,left,9,4
1416,1307,64,fountain_right,yellow,left,9,4
1417,1302,70,fountain_right,yellow,left,9,4
1418,1297,82,fountain_right,yellow,left,9,4
1419,1296,86,fountain_right,yellow,left,9,4
1420,1303,91,fountain_right,yellow,left,9,4
1421,1291,104,fountain_right,yellow,left,9,4
1422,1284,112,fountain_right,yellow,left,9,4
1423,1280,122,fountain_right,yellow,left,9,4
1424,1276,145,branch_right,yellow,left,9,4
1425,1274,160,branch_right,yellow,left,9,4
1426,1275,178,branch_right,yellow,left,9,4
1427,1276,191,branch_right,yellow,left,9,4
1428,1271,201,branch_right,yellow,left,9,4
1429,1265,217,branch_right,yellow,left,9,4
1430,1262,226,branch_right,yellow,left,9,4
1431,1256,246,branch_right,yellow,left,9,4
1432,1256,272,branch_right,yellow,left,9,4
1433,1255,290,branch_right,yellow,left,9,4
1434,1250,314,branch_right,yellow,left,9,4
1435,1232,338,branch_right,yellow,left,9,4
1436,1225,352,test,yellow,left,9,4
1437,1195,377,test,yellow,left,9,4
1438,1154,390,test,yellow,left,9,4
1439,1137,399,test,yellow,left,9,4
1440,1102,396,test,yellow,left,9,4
1441,1071,396,test,yellow,left,9,4
1442,1064,402,test,yellow,left,9,4
1443,1042,406,test,yellow,left,9,4
1444,1040,402,test,yellow,left,9,4
1445,1038,405,test,yellow,left,9,4
1446,1026,411,test,yellow,left,9,4
1447,998,419,test,yellow,left,9,4
1448,989,420,test,yellow,left,9,4
1449,955,412,gate_test,yellow,left,9,4
1450,935,416,gate_test,yellow,left,9,4
1451,915,409,gate_test,yellow,left,9,4
1452,887,400,gate_test,yellow,left,9,4
1453,877,392,gate_test,yellow,left,9,4
1454,852,376,gate_test,yellow,left,9,4
1455,821,322,capture,yellow,left,9,4
1456,783,316,capture,yellow,left,9,4
1457,760,287,capture,yellow,left,9,4
1458,751,280,capture,yellow,left,9,4
1459,720,280,capture,yellow,left,9,4
1460,697,282,capture,yellow,left,9,4
1461,696,285,capture,yellow,left,9,4
1462,672,280,capture,yellow,left,9,4
1463,665,274,capture,yellow,left,9,4
1464,682,274,capture,yellow,left,9,4
1465,680,269,capture,yellow,left,9,4
1466,686,277,capture,yellow,left,9,4
1467,683,280,capture,yellow,left,9,4
1468,682,281,capture,yellow,left,9,4
1469,680,284,capture,yellow,left,9,4
1470,662,281,capture,yellow,left,9,4
1471,662,281,capture,yellow,left,9,4
1472,644,287,capture,yellow,left,9,4
1473,661,299,capture,yellow,left,9,4
1474,661,299,capture,yellow,left,9,4
1475,670,280,capture,yellow,left,9,4
1476,670,280,capture,yellow,left,9,4
1477,670,280,capture,yellow,left,9,4
1478,720,272,capture,yellow,left,9,4
1479,727,273,capture,yellow,left,9,4
1480,731,289,capture,yellow,left,9,4
1481,733,282,capture,yellow,left,9,4
1482,728,266,capture,yellow,left,9,4
1483,728,266,capture,yellow,left,9,4
1484,724,321,capture,yellow,left,9,4
1485,727,319,capture,yellow,left,9,4
1486,727,319,capture,yellow,left,9,4
1487,754,315,capture,yellow,left,9,4
1488,754,315,capture,yellow,left,9,4
1489,754,315,capture,yellow,left,9,4
1490,789,335,capture,yellow,left,9,4
1491,795,343,capture,yellow,left,9,4
1492,816,341,capture,yellow,left,9,4
1493,830,362,capture,yellow,left,9,4
1494,846,367,capture,yellow,left,9,4
1495,884,395,gate_test,yellow,left,9,4
1496,897,407,gate_test,yellow,left,9,4
1497,904,404,gate_test,yellow,left,9,4
1498,941,419,gate_test,yellow,left,9,4
1499,985,417,test,yellow,left,9,4
1500,1018,416,test,yellow,left,9,4
1501,1033,412,test,yellow,left,9,4
1502,1051,409,test,yellow,left,9,4
1503,1226,420,test,yellow,left,9,4
1504,1218,423,test,yellow,left,9,4
1505,1217,421,test,yellow,left,9,4
1506,1213,405,test,yellow,left,9,4
1507,1245,404,test,yellow,left,9,4
1508,1217,398,test,yellow,left,9,4
1509,1216,378,test,yellow,left,9,4
1510,1227,368,test,yellow,left,9,4
1511,1254,337,branch_right,yellow,left,9,4
1512,1261,320,branch_right,yellow,left,9,4
1513,1287,294,branch_right,yellow,left,9,4
1514,1318,273,branch_right,yellow,left,9,4
1515,1329,264,branch_right,yellow,left,9,4
1516,1333,226,branch_right,yellow,left,9,4
1517,1334,216,branch_right,yellow,left,9,4
1518,1343,177,branch_right,yellow,left,9,4
1519,1357,169,fountain_right,yellow,left,9,4
1520,1382,163,fountain_right,yellow,left,9,4
1521,1402,159,fountain_right,yellow,left,9,4
1522,1389,144,fountain_right,yellow,left,9,4
1523,1410,119,fountain_right,yellow,left,9,4
1524,1418,112,fountain_right,yellow,left,9,4
1525,1430,98,fountain_right,yellow,left,9,4
1526,1439,92,fountain_right,yellow,left,9,4
1527,1418,106,fountain_right,yellow,left,9,4
1528,1409,113,fountain_right,yellow,left,9,4
1529,1417,113,fountain_right,yellow,left,9,4
1530,1423,113,fountain_right,yellow,left,9,4
1531,1430,121,fountain_right,yellow,left,9,4
1532,1417,122,fountain_right,yellow,left,9,4
1533,1408,130,fountain_right,yellow,left,9,4
1534,1382,114,fountain_right,yellow,left,9,4
1535,1379,114,fountain_right,yellow,left,9,4
1536,1365,104,fountain_right,yellow,left,9,4
1537,1374,82,fountain_right,yellow,left,9,4
1538,1382,75,fountain_right,yellow,left,9,4
1539,1383,74,fountain_right,yellow,left,9,4
1540,1389,70,fountain_right,yellow,left,9,4
1541,1389,69,fountain_right,yellow,left,9,4
1542,1386,64,fountain_right,yellow,left,9,4
1543,1387,64,fountain_right,yellow,left,9,4
1544,1382,61,fountain_right,yellow,left,9,4
1545,1397,69,fountain_right,yellow,left,9,4
1546,1394,67,fountain_right,yellow,left,9,4
1547,1383,63,fountain_right,yellow,left,9,4
1548,1382,59,fountain_right,yellow,left,9,4
1549,1371,58,fountain_right,yellow,left,9,4
1550,1370,67,fountain_right,yellow,left,9,4
1551,1376,68,fountain_right,yellow,left,9,4
1552,1377,65,fountain_right,yellow,left,9,4
1553,1392,69,fountain_right,yellow,left,9,4
1554,1401,74,fountain_right,yellow,left,9,4
1555,1406,77,fountain_right,yellow,left,9,4
1556,1397,80,fountain_right,yellow,left,9,4
1557,1388,75,fountain_right,yellow,left,9,4
1558,1377,74,fountain_right,yellow,left,9,4
1559,1369,62,fountain_right,yellow,left,9,4
1560,1358,44,branch_right,yellow,left,9,4
1561,1357,41,branch_right,yellow,left,9,4
1562,1372,44,branch_right,yellow,left,9,4
1563,1363,32,branch_right,yellow,left,9,4
1564,1364,35,branch_right,yellow,left,9,4
1565,1365,44,branch_right,yellow,left,9,4
1566,1366,49,branch_right,yellow,left,9,4
1567,1358,53,fountain_right,yellow,left,9,4
1568,1339,44,branch_right,yellow,left,9,4
1569,1339,49,fountain_right,yellow,left,9,4
1570,1340,55,fountain_right,yellow,left,9,4
1571,1330,80,fountain_right,yellow,left,9,4
1572,1324,87,fountain_right,yellow,left,9,4
1573,1320,93,fountain_right,yellow,left,9,4
1574,1306,103,fountain_right,yellow,left,9,4
1575,1295,116,fountain_right,yellow,left,9,4
1576,1296,121,fountain_right,yellow,left,9,4
1577,1303,131,fountain_right,yellow,left,9,4
1578,1287,131,fountain_right,yellow,left,9,4
1579,1287,135,fountain_right,yellow,left,9,4
1580,1280,145,branch_right,yellow,left,9,4
1581,1278,153,branch_right,yellow,left,9,4
1582,1277,160,branch_right,yellow,left,9,4
1583,1278,181,branch_right,yellow,left,9,4
1584,1265,190,branch_right,yellow,left,9,4
1585,1266,200,branch_right,yellow,left,9,4
1586,1260,220,branch_right,yellow,left,9,4
1587,1255,246,branch_right,yellow,left,9,4
1588,1255,275,branch_right,yellow,left,9,4
1589,1256,292,branch_right,yellow,left,9,4
1590,1261,319,branch_right,yellow,left,9,4
1591,1268,321,branch_right,yellow,left,9,4
1592,1271,337,branch_right,yellow,left,9,4
1593,1262,360,test,yellow,left,9,4
1594,1250,373,test,yellow,left,9,4
1595,1246,392,test,yellow,left,9,4
1596,1238,413,test,yellow,left,9,4
1597,1248,429,test,yellow,left,9,4
1598,1243,438,test,yellow,left,9,4
1599,1264,458,branch_left,yellow,left,9,4
1600,1279,485,branch_left,yellow,left,9,4
1601,1283,490,branch_left,yellow,left,9,4
1602,1307,517,branch_left,yellow,left,9,4
1603,1327,541,branch_left,yellow,left,9,4
1604,1340,566,branch_left,yellow,left,9,4
1605,1343,583,branch_left,yellow,left,9,4
1606,1340,616,branch_left,yellow,left,9,4
1607,1332,623,branch_left,yellow,left,9,4
1608,1340,620,branch_left,yellow,left,9,4
1609,1334,578,branch_left,yellow,left,9,4
1610,1330,566,branch_left,yellow,left,9,4
1611,1347,575,branch_left,yellow,left,9,4
1612,1331,566,branch_left,yellow,left,9,4
1613,1338,569,branch_left,yellow,left,9,4
1614,1368,571,branch_left,yellow,left,9,4
1615,1379,567,branch_left,yellow,left,9,4
1616,1388,560,branch_left,yellow,left,9,4
1617,1385,554,branch_left,yellow,left,9,4
1618,1357,543,branch_left,yellow,left,9,4
1619,1364,516,branch_left,yellow,left,9,4
1620,1356,500,branch_left,yellow,left,9,4
1621,1356,502,branch_left,yellow,left,9,4
1622,1343,504,branch_left,yellow,left,9,4
1623,1338,498,branch_left,yellow,left,9,4
1624,1324,478,branch_left,yellow,left,9,4
1625,1311,471,branch_left,yellow,left,9,4
1626,1300,451,branch_left,yellow,left,9,4
1627,1281,437,test,yellow,left,9,4
1628,1263,414,test,yellow,left,9,4
1629,1255,385,test,yellow,left,9,4
1630,1259,369,test,yellow,left,9,4
1631,1255,340,branch_right,yellow,left,9,4
1632,1272,297,branch_right,yellow,left,9,4
1633,1289,292,branch_right,yellow,left,9,4
1634,1321,271,branch_right,yellow,left,9,4
